id,title,image_url,alt_text
1,Barrel - Part 1,https://imgs.xkcd.com/comics/barrel_cropped_(1).jpg,Don't we all.
2,Petit Trees (sketch),https://imgs.xkcd.com/comics/tree_cropped_(1).jpg,"'Petit' being a reference to Le Petit Prince, which I only thought about halfway through the sketch"
3,Island (sketch),https://imgs.xkcd.com/comics/island_color.jpg,"Hello, island"
4,Landscape (sketch),https://imgs.xkcd.com/comics/landscape_cropped_(1).jpg,There's a river flowing through the ocean
5,Blown apart,https://imgs.xkcd.com/comics/blownapart_color.jpg,Blown into prime factors
6,Irony,https://imgs.xkcd.com/comics/irony_color.jpg,It's commonly known that too much perspective can be a downer.
7,Girl sleeping (Sketch -- 11th grade Spanish class),https://imgs.xkcd.com/comics/girl_sleeping_noline_(1).jpg,"I don't remember her name at all, but she fell asleep on the floor in front of me."
8,Red spiders,https://imgs.xkcd.com/comics/red_spiders_small.jpg,They are six-legged spiders
9,Serenity is coming out tomorrow,https://imgs.xkcd.com/comics/firefly.jpg,"Mal, Simon, Wash, Zoe, River, Kaylee, Jayne, Inara, Book."
10,Pi Equals,https://imgs.xkcd.com/comics/pi.jpg,"My most famous drawing, and one of the first I did for the site"
